<?xml version="1.0" encoding="UTF-8"?>
<hooks type="client" build="1310111031000" version="1.7.3">
  <hook type="interface" class="gr" interface="org.darkstorm.minecraft.darkmod.hooks.client.Session" />
  <hook type="getter" class="gr" interface="org.darkstorm.minecraft.darkmod.hooks.client.Session" field="b" signature="Ljava/lang/String;" static="false" return="java.lang.String" getter="getUsername" />
  <hook type="setter" class="gr" interface="org.darkstorm.minecraft.darkmod.hooks.client.Session" field="b" signature="Ljava/lang/String;" static="false" argument="java.lang.String" setter="setUsername" />
  <hook type="getter" class="gr" interface="org.darkstorm.minecraft.darkmod.hooks.client.Session" field="c" signature="Ljava/lang/String;" static="false" return="java.lang.String" getter="getSessionID" />
  <hook type="setter" class="gr" interface="org.darkstorm.minecraft.darkmod.hooks.client.Session" field="c" signature="Ljava/lang/String;" static="false" argument="java.lang.String" setter="setSessionID" />
  <hook type="getter" class="gr" interface="org.darkstorm.minecraft.darkmod.hooks.client.Session" field="d" signature="Ljava/lang/String;" static="false" return="java.lang.String" getter="getMultiplayerPassword" />
  <hook type="setter" class="gr" interface="org.darkstorm.minecraft.darkmod.hooks.client.Session" field="d" signature="Ljava/lang/String;" static="false" argument="java.lang.String" setter="setMultiplayerPassword" />
  <hook type="interface" class="net.minecraft.client.Minecraft" interface="org.darkstorm.minecraft.darkmod.hooks.client.Minecraft" />
  <hook type="getter" class="net.minecraft.client.Minecraft" interface="org.darkstorm.minecraft.darkmod.hooks.client.Minecraft" field="k" signature="Lgr;" static="false" return="org.darkstorm.minecraft.darkmod.hooks.client.Session" getter="getSession" />
  <hook type="setter" class="net.minecraft.client.Minecraft" interface="org.darkstorm.minecraft.darkmod.hooks.client.Minecraft" field="k" signature="Lgr;" static="false" argument="org.darkstorm.minecraft.darkmod.hooks.client.Session" setter="setSession" />
  <hook type="getter" class="net.minecraft.client.Minecraft" interface="org.darkstorm.minecraft.darkmod.hooks.client.Minecraft" field="l" signature="Ljava/lang/String;" static="false" return="java.lang.String" getter="getHomeURL" />
  <hook type="setter" class="net.minecraft.client.Minecraft" interface="org.darkstorm.minecraft.darkmod.hooks.client.Minecraft" field="l" signature="Ljava/lang/String;" static="false" argument="java.lang.String" setter="setHomeURL" />
  <hook type="getter" class="net.minecraft.client.Minecraft" interface="org.darkstorm.minecraft.darkmod.hooks.client.Minecraft" field="m" signature="Ljava/awt/Canvas;" static="false" return="java.awt.Canvas" getter="getCanvas" />
  <hook type="getter" class="net.minecraft.client.Minecraft" interface="org.darkstorm.minecraft.darkmod.hooks.client.Minecraft" field="A" signature="Lnet/minecraft/client/MinecraftApplet;" static="false" return="net.minecraft.client.MinecraftApplet" getter="getApplet" />
  <hook type="interface" class="kq" interface="org.darkstorm.minecraft.darkmod.hooks.client.MinecraftExtension" />
  <hook type="interface" class="kj" interface="org.darkstorm.minecraft.darkmod.hooks.client.WindowAdapterOverride" />
  <hook type="interface" class="ix" interface="org.darkstorm.minecraft.darkmod.hooks.client.Inventory" />
  <hook type="getter" class="ix" interface="org.darkstorm.minecraft.darkmod.hooks.client.Inventory" field="c" signature="I" static="false" return="int" getter="getSelectedIndex" />
  <hook type="setter" class="ix" interface="org.darkstorm.minecraft.darkmod.hooks.client.Inventory" field="c" signature="I" static="false" argument="int" setter="setSelectedIndex" />
  <hook type="getter" class="ix" interface="org.darkstorm.minecraft.darkmod.hooks.client.Inventory" field="a" signature="[Liz;" static="false" return="org.darkstorm.minecraft.darkmod.hooks.client.InventoryItem[]" getter="getItems" />
  <hook type="setter" class="ix" interface="org.darkstorm.minecraft.darkmod.hooks.client.Inventory" field="a" signature="[Liz;" static="false" argument="org.darkstorm.minecraft.darkmod.hooks.client.InventoryItem[]" setter="setItems" />
  <hook type="getter" class="ix" interface="org.darkstorm.minecraft.darkmod.hooks.client.Inventory" field="b" signature="[Liz;" static="false" return="org.darkstorm.minecraft.darkmod.hooks.client.InventoryItem[]" getter="getArmor" />
  <hook type="setter" class="ix" interface="org.darkstorm.minecraft.darkmod.hooks.client.Inventory" field="b" signature="[Liz;" static="false" argument="org.darkstorm.minecraft.darkmod.hooks.client.InventoryItem[]" setter="setArmor" />
  <hook type="method" class="ix" interface="org.darkstorm.minecraft.darkmod.hooks.client.Inventory" method="b" signature="()Liz;" new_method="getSelectedItem" new_signature="()Lorg/darkstorm/minecraft/darkmod/hooks/client/InventoryItem;" />
  <hook type="method" class="ix" interface="org.darkstorm.minecraft.darkmod.hooks.client.Inventory" method="f" signature="(I)I" new_method="getIndexOf" new_signature="(I)I" />
  <hook type="method" class="ix" interface="org.darkstorm.minecraft.darkmod.hooks.client.Inventory" method="d" signature="(Liz;)I" new_method="getIndexOf" new_signature="(Lorg/darkstorm/minecraft/darkmod/hooks/client/InventoryItem;)I" />
  <hook type="method" class="ix" interface="org.darkstorm.minecraft.darkmod.hooks.client.Inventory" method="j" signature="()I" new_method="getIndexOfEmptySlot" new_signature="()I" />
  <hook type="method" class="ix" interface="org.darkstorm.minecraft.darkmod.hooks.client.Inventory" method="a" signature="(IZ)V" new_method="select" new_signature="(IZ)V" />
  <hook type="method" class="ix" interface="org.darkstorm.minecraft.darkmod.hooks.client.Inventory" method="c" signature="(I)Z" new_method="removeOne" new_signature="(I)Z" />
  <hook type="method" class="ix" interface="org.darkstorm.minecraft.darkmod.hooks.client.Inventory" method="a" signature="(ILiz;)V" new_method="setItemAt" new_signature="(ILorg/darkstorm/minecraft/darkmod/hooks/client/InventoryItem;)V" />
  <hook type="method" class="ix" interface="org.darkstorm.minecraft.darkmod.hooks.client.Inventory" method="a" signature="()I" new_method="getSize" new_signature="()I" />
  <hook type="method" class="ix" interface="org.darkstorm.minecraft.darkmod.hooks.client.Inventory" method="f_" signature="(I)Liz;" new_method="getItemAt" new_signature="(I)Lorg/darkstorm/minecraft/darkmod/hooks/client/InventoryItem;" />
  <hook type="method" class="ix" interface="org.darkstorm.minecraft.darkmod.hooks.client.Inventory" method="d" signature="()I" new_method="getMaxStackSize" new_signature="()I" />
  <hook type="method" class="ix" interface="org.darkstorm.minecraft.darkmod.hooks.client.Inventory" method="d" signature="(I)Liz;" new_method="getArmorAt" new_signature="(I)Lorg/darkstorm/minecraft/darkmod/hooks/client/InventoryItem;" />
  <hook type="interface" class="iz" interface="org.darkstorm.minecraft.darkmod.hooks.client.InventoryItem" />
  <hook type="getter" class="iz" interface="org.darkstorm.minecraft.darkmod.hooks.client.InventoryItem" field="c" signature="I" static="false" return="int" getter="getID" />
  <hook type="setter" class="iz" interface="org.darkstorm.minecraft.darkmod.hooks.client.InventoryItem" field="c" signature="I" static="false" argument="int" setter="setID" />
  <hook type="getter" class="iz" interface="org.darkstorm.minecraft.darkmod.hooks.client.InventoryItem" field="a" signature="I" static="false" return="int" getter="getStackCount" />
  <hook type="setter" class="iz" interface="org.darkstorm.minecraft.darkmod.hooks.client.InventoryItem" field="a" signature="I" static="false" argument="int" setter="setStackCount" />
  <hook type="getter" class="iz" interface="org.darkstorm.minecraft.darkmod.hooks.client.InventoryItem" field="d" signature="I" static="false" return="int" getter="getDamage" />
  <hook type="setter" class="iz" interface="org.darkstorm.minecraft.darkmod.hooks.client.InventoryItem" field="d" signature="I" static="false" argument="int" setter="setDamage" />
  <hook type="interface" class="gm" interface="org.darkstorm.minecraft.darkmod.hooks.client.Item" />
  <hook type="getter" class="gm" interface="org.darkstorm.minecraft.darkmod.hooks.client.Minecraft" field="c" signature="[Lgm;" static="true" return="org.darkstorm.minecraft.darkmod.hooks.client.Item[]" getter="getItems" />
  <hook type="getter" class="gm" interface="org.darkstorm.minecraft.darkmod.hooks.client.Item" field="bl" signature="Ljava/lang/String;" static="false" return="java.lang.String" getter="getName" />
  <hook type="getter" class="gm" interface="org.darkstorm.minecraft.darkmod.hooks.client.Item" field="bf" signature="I" static="false" return="int" getter="getID" />
  <hook type="interface" class="gs" interface="org.darkstorm.minecraft.darkmod.hooks.client.Humanoid" />
  <hook type="getter" class="gs" interface="org.darkstorm.minecraft.darkmod.hooks.client.Humanoid" field="l" signature="Ljava/lang/String;" static="false" return="java.lang.String" getter="getName" />
  <hook type="getter" class="gs" interface="org.darkstorm.minecraft.darkmod.hooks.client.Humanoid" field="c" signature="Lix;" static="false" return="org.darkstorm.minecraft.darkmod.hooks.client.Inventory" getter="getInventory" />
  <hook type="interface" class="dc" interface="org.darkstorm.minecraft.darkmod.hooks.client.Player" />
  <hook type="getter" class="net.minecraft.client.Minecraft" interface="org.darkstorm.minecraft.darkmod.hooks.client.Minecraft" field="h" signature="Ldc;" static="false" return="org.darkstorm.minecraft.darkmod.hooks.client.Player" getter="getPlayer" />
  <hook type="bytecode" class="dc" method="o" signature="()V" position="0">
    <instruction type="ALOAD" arguments="0" />
    <instruction type="ICONST" arguments="0" />
    <instruction type="addconst" const="Methodref" arguments="org.darkstorm.minecraft.darkmod.hooks.client.Callback:onPlayerProcess:(Lorg/darkstorm/minecraft/darkmod/hooks/client/Player;I)V" />
    <instruction type="INVOKESTATIC" arguments="const" />
  </hook>
  <hook type="bytecode" class="dc" method="o" signature="()V" position="239">
    <instruction type="ICONST" arguments="1" />
    <instruction type="addconst" const="Methodref" arguments="org.darkstorm.minecraft.darkmod.hooks.client.Callback:onPlayerProcess:(Lorg/darkstorm/minecraft/darkmod/hooks/client/Player;I)V" />
    <instruction type="INVOKESTATIC" arguments="const" />
    <instruction type="ALOAD" arguments="0" />
  </hook>
  <hook type="bytecode" class="dc" method="o" signature="()V" position="243">
    <instruction type="ALOAD" arguments="0" />
    <instruction type="ICONST" arguments="2" />
    <instruction type="addconst" const="Methodref" arguments="org.darkstorm.minecraft.darkmod.hooks.client.Callback:onPlayerProcess:(Lorg/darkstorm/minecraft/darkmod/hooks/client/Player;I)V" />
    <instruction type="INVOKESTATIC" arguments="const" />
  </hook>
  <hook type="method" class="dc" interface="org.darkstorm.minecraft.darkmod.hooks.client.Player" method="a" signature="(Ljava/lang/String;)V" new_method="sendText" new_signature="(Ljava/lang/String;)V" />
  <hook type="bytecode" class="dc" method="a" signature="(Ljava/lang/String;)V" position="0">
    <instruction type="ALOAD" arguments="1" />
    <instruction type="addconst" const="Methodref" arguments="org.darkstorm.minecraft.darkmod.hooks.client.Callback:handleText:(Ljava/lang/String;)Z" />
    <instruction type="INVOKESTATIC" arguments="const" />
    <instruction type="IFEQ" arguments="pos0" />
  </hook>
  <hook type="interface" class="jc" interface="org.darkstorm.minecraft.darkmod.hooks.client.EntityCache" />
  <hook type="getter" class="jc" interface="org.darkstorm.minecraft.darkmod.hooks.client.Minecraft" field="a" signature="Ljava/util/Map;" static="true" return="java.util.Map" getter="getEntitiesByName" />
  <hook type="getter" class="jc" interface="org.darkstorm.minecraft.darkmod.hooks.client.Minecraft" field="c" signature="Ljava/util/Map;" static="true" return="java.util.Map" getter="getEntitiesByID" />
  <hook type="interface" class="ls" interface="org.darkstorm.minecraft.darkmod.hooks.client.Animable" />
  <hook type="getter" class="ls" interface="org.darkstorm.minecraft.darkmod.hooks.client.Animable" field="Y" signature="I" static="false" return="int" getter="getHealth" />
  <hook type="setter" class="ls" interface="org.darkstorm.minecraft.darkmod.hooks.client.Animable" field="Y" signature="I" static="false" argument="int" setter="setHealth" />
  <hook type="getter" class="ls" interface="org.darkstorm.minecraft.darkmod.hooks.client.Animable" field="aa" signature="I" static="false" return="int" getter="getHurtTimer" />
  <hook type="setter" class="ls" interface="org.darkstorm.minecraft.darkmod.hooks.client.Animable" field="aa" signature="I" static="false" argument="int" setter="setHurtTimer" />
  <hook type="getter" class="ls" interface="org.darkstorm.minecraft.darkmod.hooks.client.Animable" field="ad" signature="I" static="false" return="int" getter="getDeathTimer" />
  <hook type="setter" class="ls" interface="org.darkstorm.minecraft.darkmod.hooks.client.Animable" field="ad" signature="I" static="false" argument="int" setter="setDeathTimer" />
  <hook type="getter" class="ls" interface="org.darkstorm.minecraft.darkmod.hooks.client.Animable" field="ae" signature="I" static="false" return="int" getter="getAttackTimer" />
  <hook type="setter" class="ls" interface="org.darkstorm.minecraft.darkmod.hooks.client.Animable" field="ae" signature="I" static="false" argument="int" setter="setAttackTimer" />
  <hook type="interface" class="sn" interface="org.darkstorm.minecraft.darkmod.hooks.client.Entity" />
  <hook type="getter" class="sn" interface="org.darkstorm.minecraft.darkmod.hooks.client.Entity" field="aM" signature="D" static="false" return="double" getter="getX" />
  <hook type="setter" class="sn" interface="org.darkstorm.minecraft.darkmod.hooks.client.Entity" field="aM" signature="D" static="false" argument="double" setter="setX" />
  <hook type="getter" class="sn" interface="org.darkstorm.minecraft.darkmod.hooks.client.Entity" field="aN" signature="D" static="false" return="double" getter="getY" />
  <hook type="setter" class="sn" interface="org.darkstorm.minecraft.darkmod.hooks.client.Entity" field="aN" signature="D" static="false" argument="double" setter="setY" />
  <hook type="getter" class="sn" interface="org.darkstorm.minecraft.darkmod.hooks.client.Entity" field="bo" signature="F" static="false" return="float" getter="getUnknown0" />
  <hook type="setter" class="sn" interface="org.darkstorm.minecraft.darkmod.hooks.client.Entity" field="bo" signature="F" static="false" argument="float" setter="setUnknown0" />
  <hook type="getter" class="sn" interface="org.darkstorm.minecraft.darkmod.hooks.client.Entity" field="aO" signature="D" static="false" return="double" getter="getZ" />
  <hook type="setter" class="sn" interface="org.darkstorm.minecraft.darkmod.hooks.client.Entity" field="aO" signature="D" static="false" argument="double" setter="setZ" />
  <hook type="getter" class="sn" interface="org.darkstorm.minecraft.darkmod.hooks.client.Entity" field="aP" signature="D" static="false" return="double" getter="getSpeedX" />
  <hook type="setter" class="sn" interface="org.darkstorm.minecraft.darkmod.hooks.client.Entity" field="aP" signature="D" static="false" argument="double" setter="setSpeedX" />
  <hook type="getter" class="sn" interface="org.darkstorm.minecraft.darkmod.hooks.client.Entity" field="aQ" signature="D" static="false" return="double" getter="getSpeedY" />
  <hook type="setter" class="sn" interface="org.darkstorm.minecraft.darkmod.hooks.client.Entity" field="aQ" signature="D" static="false" argument="double" setter="setSpeedY" />
  <hook type="getter" class="sn" interface="org.darkstorm.minecraft.darkmod.hooks.client.Entity" field="aR" signature="D" static="false" return="double" getter="getSpeedZ" />
  <hook type="setter" class="sn" interface="org.darkstorm.minecraft.darkmod.hooks.client.Entity" field="aR" signature="D" static="false" argument="double" setter="setSpeedZ" />
  <hook type="getter" class="sn" interface="org.darkstorm.minecraft.darkmod.hooks.client.Entity" field="aS" signature="F" static="false" return="float" getter="getRotationX" />
  <hook type="setter" class="sn" interface="org.darkstorm.minecraft.darkmod.hooks.client.Entity" field="aS" signature="F" static="false" argument="float" setter="setRotationX" />
  <hook type="getter" class="sn" interface="org.darkstorm.minecraft.darkmod.hooks.client.Entity" field="aT" signature="F" static="false" return="float" getter="getRotationY" />
  <hook type="setter" class="sn" interface="org.darkstorm.minecraft.darkmod.hooks.client.Entity" field="aT" signature="F" static="false" argument="float" setter="setRotationY" />
  <hook type="getter" class="sn" interface="org.darkstorm.minecraft.darkmod.hooks.client.Entity" field="bk" signature="F" static="false" return="float" getter="getFallDistance" />
  <hook type="setter" class="sn" interface="org.darkstorm.minecraft.darkmod.hooks.client.Entity" field="bk" signature="F" static="false" argument="float" setter="setFallDistance" />
  <hook type="getter" class="sn" interface="org.darkstorm.minecraft.darkmod.hooks.client.Entity" field="bv" signature="I" static="false" return="int" getter="getOnFireTimer" />
  <hook type="setter" class="sn" interface="org.darkstorm.minecraft.darkmod.hooks.client.Entity" field="bv" signature="I" static="false" argument="int" setter="setOnFireTimer" />
  <hook type="getter" class="sn" interface="org.darkstorm.minecraft.darkmod.hooks.client.Entity" field="bz" signature="I" static="false" return="int" getter="getBreathTimer" />
  <hook type="setter" class="sn" interface="org.darkstorm.minecraft.darkmod.hooks.client.Entity" field="bz" signature="I" static="false" argument="int" setter="setBreathTimer" />
  <hook type="getter" class="sn" interface="org.darkstorm.minecraft.darkmod.hooks.client.Entity" field="aX" signature="Z" static="false" return="boolean" getter="isOnGround" />
  <hook type="setter" class="sn" interface="org.darkstorm.minecraft.darkmod.hooks.client.Entity" field="aX" signature="Z" static="false" argument="boolean" setter="setOnGround" />
  <hook type="method" class="sn" interface="org.darkstorm.minecraft.darkmod.hooks.client.Entity" method="e" signature="(DDD)V" new_method="setPosition" new_signature="(DDD)V" />
  <hook type="getter" class="sn" interface="org.darkstorm.minecraft.darkmod.hooks.client.Entity" field="aD" signature="I" static="false" return="int" getter="getID" />
  <hook type="setter" class="sn" interface="org.darkstorm.minecraft.darkmod.hooks.client.Entity" field="aD" signature="I" static="false" argument="int" setter="setID" />
  <hook type="interface" class="ij" interface="org.darkstorm.minecraft.darkmod.hooks.client.Serializable" />
  <hook type="method" class="ij" interface="org.darkstorm.minecraft.darkmod.hooks.client.Serializable" method="a" signature="(Ljava/io/DataOutput;)V" new_method="serialize" new_signature="(Ljava/io/DataOutput;)V" />
  <hook type="method" class="ij" interface="org.darkstorm.minecraft.darkmod.hooks.client.Serializable" method="a" signature="(Ljava/io/DataInput;)V" new_method="deserialize" new_signature="(Ljava/io/DataInput;)V" />
  <hook type="method" class="ij" interface="org.darkstorm.minecraft.darkmod.hooks.client.Serializable" method="a" signature="()B" new_method="getID" new_signature="()B" />
  <hook type="interface" class="nu" interface="org.darkstorm.minecraft.darkmod.hooks.client.SerializableMap" />
  <hook type="interface" class="in" interface="org.darkstorm.minecraft.darkmod.hooks.client.MathUtil" />
  <hook type="method" class="in" interface="org.darkstorm.minecraft.darkmod.hooks.client.Minecraft" method="a" signature="(F)F" new_method="cos" new_signature="(F)F" />
  <hook type="method" class="in" interface="org.darkstorm.minecraft.darkmod.hooks.client.Minecraft" method="b" signature="(F)F" new_method="sin" new_signature="(F)F" />
  <hook type="callback" class="net.minecraft.client.Minecraft" interface="org.darkstorm.minecraft.darkmod.hooks.client.Callback" method="run" signature="()V" position="266" callback="onRender" />
  <hook type="interface" class="fd" interface="org.darkstorm.minecraft.darkmod.hooks.client.World" />
  <hook type="getter" class="fd" interface="org.darkstorm.minecraft.darkmod.hooks.client.World" field="d" signature="Ljava/util/List;" static="false" return="java.util.List" getter="getPlayers" />
  <hook type="getter" class="fd" interface="org.darkstorm.minecraft.darkmod.hooks.client.World" field="b" signature="Ljava/util/List;" static="false" return="java.util.List" getter="getEntities" />
  <hook type="method" class="fd" interface="org.darkstorm.minecraft.darkmod.hooks.client.World" method="a" signature="(III)I" new_method="getBlockIDAt" new_signature="(III)I" />
  <hook type="method" class="fd" interface="org.darkstorm.minecraft.darkmod.hooks.client.World" method="b" signature="(III)Low;" new_method="getTileEntityAt" new_signature="(III)Lorg/darkstorm/minecraft/darkmod/hooks/client/TileEntity;" />
  <hook type="method" class="fd" interface="org.darkstorm.minecraft.darkmod.hooks.client.World" method="a" signature="(IIILow;)V" new_method="setTileEntityAt" new_signature="(IIILorg/darkstorm/minecraft/darkmod/hooks/client/TileEntity;)V" />
  <hook type="method" class="fd" interface="org.darkstorm.minecraft.darkmod.hooks.client.World" method="f" signature="(IIII)Z" new_method="setBlockIDAt" new_signature="(IIII)Z" />
  <hook type="getter" class="net.minecraft.client.Minecraft" interface="org.darkstorm.minecraft.darkmod.hooks.client.Minecraft" field="f" signature="Lfd;" static="false" return="org.darkstorm.minecraft.darkmod.hooks.client.World" getter="getWorld" />
  <hook type="setter" class="net.minecraft.client.Minecraft" interface="org.darkstorm.minecraft.darkmod.hooks.client.Minecraft" field="f" signature="Lfd;" static="false" argument="org.darkstorm.minecraft.darkmod.hooks.client.World" setter="setWorld" />
  <hook type="interface" class="sj" interface="org.darkstorm.minecraft.darkmod.hooks.client.Font" />
  <hook type="getter" class="sj" interface="org.darkstorm.minecraft.darkmod.hooks.client.Font" field="b" signature="[I" static="false" return="int[]" getter="getCharWidths" />
  <hook type="getter" class="sj" interface="org.darkstorm.minecraft.darkmod.hooks.client.Font" field="a" signature="I" static="false" return="int" getter="getTextureID" />
  <hook type="getter" class="sj" interface="org.darkstorm.minecraft.darkmod.hooks.client.Font" field="c" signature="I" static="false" return="int" getter="getListBase" />
  <hook type="getter" class="sj" interface="org.darkstorm.minecraft.darkmod.hooks.client.Font" field="d" signature="Ljava/nio/IntBuffer;" static="false" return="java.nio.IntBuffer" getter="getListIDBuffer" />
  <hook type="method" class="sj" interface="org.darkstorm.minecraft.darkmod.hooks.client.Font" method="a" signature="(Ljava/lang/String;III)V" new_method="drawStringWithShadow" new_signature="(Ljava/lang/String;III)V" />
  <hook type="method" class="sj" interface="org.darkstorm.minecraft.darkmod.hooks.client.Font" method="b" signature="(Ljava/lang/String;III)V" new_method="drawString" new_signature="(Ljava/lang/String;III)V" />
  <hook type="method" class="sj" interface="org.darkstorm.minecraft.darkmod.hooks.client.Font" method="a" signature="(Ljava/lang/String;)I" new_method="getStringWidth" new_signature="(Ljava/lang/String;)I" />
  <hook type="interface" class="wh" interface="org.darkstorm.minecraft.darkmod.hooks.client.Pig" />
  <hook type="method" class="wh" interface="org.darkstorm.minecraft.darkmod.hooks.client.Pig" method="v" signature="()Z" new_method="isSaddled" new_signature="()Z" />
  <hook type="method" class="wh" interface="org.darkstorm.minecraft.darkmod.hooks.client.Pig" method="a" signature="(Z)V" new_method="setSaddled" new_signature="(Z)V" />
  <hook type="interface" class="gb" interface="org.darkstorm.minecraft.darkmod.hooks.client.Creeper" />
  <hook type="interface" class="bg" interface="org.darkstorm.minecraft.darkmod.hooks.client.FriendlyMob" />
  <hook type="interface" class="gz" interface="org.darkstorm.minecraft.darkmod.hooks.client.HostileMob" />
  <hook type="interface" class="ii" interface="org.darkstorm.minecraft.darkmod.hooks.client.Mob" />
  <hook type="interface" class="hj" interface="org.darkstorm.minecraft.darkmod.hooks.client.ScreenshotUtil" />
  <hook type="method" class="hj" interface="org.darkstorm.minecraft.darkmod.hooks.client.Minecraft" method="a" signature="(Ljava/io/File;II)Ljava/lang/String;" new_method="takeScreenshot" new_signature="(Ljava/io/File;II)Ljava/lang/String;" />
  <hook type="interface" class="bx" interface="org.darkstorm.minecraft.darkmod.hooks.client.Cow" />
  <hook type="interface" class="ww" interface="org.darkstorm.minecraft.darkmod.hooks.client.Chicken" />
  <hook type="getter" class="ww" interface="org.darkstorm.minecraft.darkmod.hooks.client.Chicken" field="i" signature="I" static="false" return="int" getter="getEggDropTimer" />
  <hook type="setter" class="ww" interface="org.darkstorm.minecraft.darkmod.hooks.client.Chicken" field="i" signature="I" static="false" argument="int" setter="setEggDropTimer" />
  <hook type="interface" class="dl" interface="org.darkstorm.minecraft.darkmod.hooks.client.Sheep" />
  <hook type="interface" class="fr" interface="org.darkstorm.minecraft.darkmod.hooks.client.Skeleton" />
  <hook type="interface" class="uz" interface="org.darkstorm.minecraft.darkmod.hooks.client.Zombie" />
  <hook type="interface" class="ya" interface="org.darkstorm.minecraft.darkmod.hooks.client.PigZombie" />
  <hook type="interface" class="cn" interface="org.darkstorm.minecraft.darkmod.hooks.client.Spider" />
  <hook type="interface" class="nt" interface="org.darkstorm.minecraft.darkmod.hooks.client.Giant" />
  <hook type="interface" class="ki" interface="org.darkstorm.minecraft.darkmod.hooks.client.Packet" />
  <hook type="method" class="ki" interface="org.darkstorm.minecraft.darkmod.hooks.client.Packet" method="a" signature="(Ljava/io/DataInputStream;)V" new_method="receive" new_signature="(Ljava/io/DataInputStream;)V" />
  <hook type="method" class="ki" interface="org.darkstorm.minecraft.darkmod.hooks.client.Packet" method="a" signature="(Ljava/io/DataOutputStream;)V" new_method="send" new_signature="(Ljava/io/DataOutputStream;)V" />
  <hook type="interface" class="tk" interface="org.darkstorm.minecraft.darkmod.hooks.client.MultiplayerPlayer" />
  <hook type="method" class="tk" interface="org.darkstorm.minecraft.darkmod.hooks.client.MultiplayerPlayer" method="a" signature="(Ljava/lang/String;)V" new_method="sendText" new_signature="(Ljava/lang/String;)V" />
  <hook type="bytecode" class="tk" method="a" signature="(Ljava/lang/String;)V" position="0">
    <instruction type="ALOAD" arguments="1" />
    <instruction type="addconst" const="Methodref" arguments="org.darkstorm.minecraft.darkmod.hooks.client.Callback:handleText:(Ljava/lang/String;)Z" />
    <instruction type="INVOKESTATIC" arguments="const" />
    <instruction type="IFEQ" arguments="pos7" />
  </hook>
  <hook type="interface" class="ti" interface="org.darkstorm.minecraft.darkmod.hooks.client.PacketHandler" />
  <hook type="interface" class="mm" interface="org.darkstorm.minecraft.darkmod.hooks.client.MultiplayerWorld" />
  <hook type="getter" class="mm" interface="org.darkstorm.minecraft.darkmod.hooks.client.MultiplayerWorld" field="D" signature="Lnb;" static="false" return="org.darkstorm.minecraft.darkmod.hooks.client.NetworkHandler" getter="getNetworkHandler" />
  <hook type="setter" class="mm" interface="org.darkstorm.minecraft.darkmod.hooks.client.MultiplayerWorld" field="D" signature="Lnb;" static="false" argument="org.darkstorm.minecraft.darkmod.hooks.client.NetworkHandler" setter="setNetworkHandler" />
  <hook type="interface" class="ZanMinimap" interface="org.darkstorm.minecraft.darkmod.hooks.client.MultiplayerWorld" />
  <hook type="interface" class="nb" interface="org.darkstorm.minecraft.darkmod.hooks.client.NetworkHandler" />
  <hook type="getter" class="nb" interface="org.darkstorm.minecraft.darkmod.hooks.client.NetworkHandler" field="e" signature="Lpf;" static="false" return="org.darkstorm.minecraft.darkmod.hooks.client.ConnectionHandler" getter="getConnectionHandler" />
  <hook type="setter" class="nb" interface="org.darkstorm.minecraft.darkmod.hooks.client.NetworkHandler" field="e" signature="Lpf;" static="false" argument="org.darkstorm.minecraft.darkmod.hooks.client.ConnectionHandler" setter="setConnectionHandler" />
  <hook type="method" class="nb" interface="org.darkstorm.minecraft.darkmod.hooks.client.NetworkHandler" method="a" signature="(Lki;)V" new_method="sendPacket0" new_signature="(Lorg/darkstorm/minecraft/darkmod/hooks/client/Packet;)V" />
  <hook type="bytecode" class="nb" method="a" signature="(Lki;)V" position="0">
    <instruction type="ALOAD" arguments="1" />
    <instruction type="addconst" const="Methodref" arguments="org.darkstorm.minecraft.darkmod.hooks.client.Callback:onPacketSent:(Lorg/darkstorm/minecraft/darkmod/hooks/client/Packet;)V" />
    <instruction type="INVOKESTATIC" arguments="const" />
  </hook>
  <hook type="method" class="nb" interface="org.darkstorm.minecraft.darkmod.hooks.client.NetworkHandler" method="b" signature="(Lki;)V" new_method="sendPacket" new_signature="(Lorg/darkstorm/minecraft/darkmod/hooks/client/Packet;)V" />
  <hook type="bytecode" class="nb" method="b" signature="(Lki;)V" position="0">
    <instruction type="ALOAD" arguments="1" />
    <instruction type="addconst" const="Methodref" arguments="org.darkstorm.minecraft.darkmod.hooks.client.Callback:onPacketSent:(Lorg/darkstorm/minecraft/darkmod/hooks/client/Packet;)V" />
    <instruction type="INVOKESTATIC" arguments="const" />
  </hook>
  <hook type="interface" class="pf" interface="org.darkstorm.minecraft.darkmod.hooks.client.ConnectionHandler" />
  <hook type="getter" class="pf" interface="org.darkstorm.minecraft.darkmod.hooks.client.ConnectionHandler" field="h" signature="Ljava/net/Socket;" static="false" return="java.net.Socket" getter="getSocket" />
  <hook type="setter" class="pf" interface="org.darkstorm.minecraft.darkmod.hooks.client.ConnectionHandler" field="h" signature="Ljava/net/Socket;" static="false" argument="java.net.Socket" setter="setSocket" />
  <hook type="interface" class="jv" interface="org.darkstorm.minecraft.darkmod.hooks.client.BlockDigPacket" />
  <hook type="getter" class="jv" interface="org.darkstorm.minecraft.darkmod.hooks.client.BlockDigPacket" field="e" signature="I" static="false" return="int" getter="getStatus" />
  <hook type="setter" class="jv" interface="org.darkstorm.minecraft.darkmod.hooks.client.BlockDigPacket" field="e" signature="I" static="false" argument="int" setter="setStatus" />
  <hook type="getter" class="jv" interface="org.darkstorm.minecraft.darkmod.hooks.client.BlockDigPacket" field="a" signature="I" static="false" return="int" getter="getX" />
  <hook type="setter" class="jv" interface="org.darkstorm.minecraft.darkmod.hooks.client.BlockDigPacket" field="a" signature="I" static="false" argument="int" setter="setX" />
  <hook type="getter" class="jv" interface="org.darkstorm.minecraft.darkmod.hooks.client.BlockDigPacket" field="b" signature="I" static="false" return="int" getter="getY" />
  <hook type="setter" class="jv" interface="org.darkstorm.minecraft.darkmod.hooks.client.BlockDigPacket" field="b" signature="I" static="false" argument="int" setter="setY" />
  <hook type="getter" class="jv" interface="org.darkstorm.minecraft.darkmod.hooks.client.BlockDigPacket" field="c" signature="I" static="false" return="int" getter="getZ" />
  <hook type="setter" class="jv" interface="org.darkstorm.minecraft.darkmod.hooks.client.BlockDigPacket" field="c" signature="I" static="false" argument="int" setter="setZ" />
  <hook type="getter" class="jv" interface="org.darkstorm.minecraft.darkmod.hooks.client.BlockDigPacket" field="d" signature="I" static="false" return="int" getter="getBlockID" />
  <hook type="setter" class="jv" interface="org.darkstorm.minecraft.darkmod.hooks.client.BlockDigPacket" field="d" signature="I" static="false" argument="int" setter="setBlockID" />
  <hook type="interface" class="gx" interface="org.darkstorm.minecraft.darkmod.hooks.client.BlockPlacePacket" />
  <hook type="interface" class="ob" interface="org.darkstorm.minecraft.darkmod.hooks.client.PlayerController" />
  <hook type="getter" class="net.minecraft.client.Minecraft" interface="org.darkstorm.minecraft.darkmod.hooks.client.Minecraft" field="c" signature="Lob;" static="false" return="org.darkstorm.minecraft.darkmod.hooks.client.PlayerController" getter="getPlayerController" />
  <hook type="setter" class="net.minecraft.client.Minecraft" interface="org.darkstorm.minecraft.darkmod.hooks.client.Minecraft" field="c" signature="Lob;" static="false" argument="org.darkstorm.minecraft.darkmod.hooks.client.PlayerController" setter="setPlayerController" />
  <hook type="interface" class="xk" interface="org.darkstorm.minecraft.darkmod.hooks.client.MultiplayerPlayerController" />
  <hook type="getter" class="xk" interface="org.darkstorm.minecraft.darkmod.hooks.client.MultiplayerPlayerController" field="c" signature="I" static="false" return="int" getter="getCurrentRemoveX" />
  <hook type="setter" class="xk" interface="org.darkstorm.minecraft.darkmod.hooks.client.MultiplayerPlayerController" field="c" signature="I" static="false" argument="int" setter="setCurrentRemoveX" />
  <hook type="getter" class="xk" interface="org.darkstorm.minecraft.darkmod.hooks.client.MultiplayerPlayerController" field="d" signature="I" static="false" return="int" getter="getCurrentRemoveY" />
  <hook type="setter" class="xk" interface="org.darkstorm.minecraft.darkmod.hooks.client.MultiplayerPlayerController" field="d" signature="I" static="false" argument="int" setter="setCurrentRemoveY" />
  <hook type="getter" class="xk" interface="org.darkstorm.minecraft.darkmod.hooks.client.MultiplayerPlayerController" field="e" signature="I" static="false" return="int" getter="getCurrentRemoveZ" />
  <hook type="setter" class="xk" interface="org.darkstorm.minecraft.darkmod.hooks.client.MultiplayerPlayerController" field="e" signature="I" static="false" argument="int" setter="setCurrentRemoveZ" />
  <hook type="getter" class="xk" interface="org.darkstorm.minecraft.darkmod.hooks.client.MultiplayerPlayerController" field="g" signature="F" static="false" return="float" getter="getFloat1" />
  <hook type="setter" class="xk" interface="org.darkstorm.minecraft.darkmod.hooks.client.MultiplayerPlayerController" field="g" signature="F" static="false" argument="float" setter="setFloat1" />
  <hook type="getter" class="xk" interface="org.darkstorm.minecraft.darkmod.hooks.client.MultiplayerPlayerController" field="h" signature="F" static="false" return="float" getter="getFloat2" />
  <hook type="setter" class="xk" interface="org.darkstorm.minecraft.darkmod.hooks.client.MultiplayerPlayerController" field="h" signature="F" static="false" argument="float" setter="setFloat2" />
  <hook type="getter" class="xk" interface="org.darkstorm.minecraft.darkmod.hooks.client.MultiplayerPlayerController" field="i" signature="I" static="false" return="int" getter="getSelectedItemIndex" />
  <hook type="setter" class="xk" interface="org.darkstorm.minecraft.darkmod.hooks.client.MultiplayerPlayerController" field="i" signature="I" static="false" argument="int" setter="setSelectedItemIndex" />
  <hook type="getter" class="xk" interface="org.darkstorm.minecraft.darkmod.hooks.client.MultiplayerPlayerController" field="j" signature="Z" static="false" return="boolean" getter="isRemoving" />
  <hook type="setter" class="xk" interface="org.darkstorm.minecraft.darkmod.hooks.client.MultiplayerPlayerController" field="j" signature="Z" static="false" argument="boolean" setter="setRemoving" />
  <hook type="getter" class="xk" interface="org.darkstorm.minecraft.darkmod.hooks.client.MultiplayerPlayerController" field="f" signature="F" static="false" return="float" getter="getPercentComplete" />
  <hook type="setter" class="xk" interface="org.darkstorm.minecraft.darkmod.hooks.client.MultiplayerPlayerController" field="f" signature="F" static="false" argument="float" setter="setPercentComplete" />
  <hook type="method" class="xk" interface="org.darkstorm.minecraft.darkmod.hooks.client.MultiplayerPlayerController" method="c" signature="(IIII)V" new_method="digBlockAt" new_signature="(IIII)V" />
  <hook type="bytecode" class="xk" method="c" signature="(IIII)V" position="0">
    <instruction type="ICONST" arguments="0" />
    <instruction type="addconst" const="Methodref" arguments="org.darkstorm.minecraft.darkmod.hooks.client.Callback:onBlockDig:(I)V" />
    <instruction type="INVOKESTATIC" arguments="const" />
  </hook>
  <hook type="bytecode" class="xk" method="c" signature="(IIII)V" position="129">
    <instruction type="ICONST" arguments="1" />
    <instruction type="addconst" const="Methodref" arguments="org.darkstorm.minecraft.darkmod.hooks.client.Callback:onBlockDig:(I)V" />
    <instruction type="INVOKESTATIC" arguments="const" />
  </hook>
  <hook type="bytecode" class="xk" method="c" signature="(IIII)V" position="151">
    <instruction type="ICONST" arguments="2" />
    <instruction type="addconst" const="Methodref" arguments="org.darkstorm.minecraft.darkmod.hooks.client.Callback:onBlockDig:(I)V" />
    <instruction type="INVOKESTATIC" arguments="const" />
  </hook>
  <hook type="interface" class="bt" interface="org.darkstorm.minecraft.darkmod.hooks.client.Vector3D" />
  <hook type="getter" class="bt" interface="org.darkstorm.minecraft.darkmod.hooks.client.Vector3D" field="a" signature="D" static="false" return="double" getter="getX" />
  <hook type="setter" class="bt" interface="org.darkstorm.minecraft.darkmod.hooks.client.Vector3D" field="a" signature="D" static="false" argument="double" setter="setX" />
  <hook type="getter" class="bt" interface="org.darkstorm.minecraft.darkmod.hooks.client.Vector3D" field="b" signature="D" static="false" return="double" getter="getY" />
  <hook type="setter" class="bt" interface="org.darkstorm.minecraft.darkmod.hooks.client.Vector3D" field="b" signature="D" static="false" argument="double" setter="setY" />
  <hook type="getter" class="bt" interface="org.darkstorm.minecraft.darkmod.hooks.client.Vector3D" field="c" signature="D" static="false" return="double" getter="getZ" />
  <hook type="setter" class="bt" interface="org.darkstorm.minecraft.darkmod.hooks.client.Vector3D" field="c" signature="D" static="false" argument="double" setter="setZ" />
  <hook type="interface" class="vf" interface="org.darkstorm.minecraft.darkmod.hooks.client.EntityTarget" />
  <hook type="getter" class="net.minecraft.client.Minecraft" interface="org.darkstorm.minecraft.darkmod.hooks.client.Minecraft" field="y" signature="Lvf;" static="false" return="org.darkstorm.minecraft.darkmod.hooks.client.EntityTarget" getter="getPlayerTarget" />
  <hook type="getter" class="vf" interface="org.darkstorm.minecraft.darkmod.hooks.client.EntityTarget" field="b" signature="I" static="false" return="int" getter="getTargetX" />
  <hook type="setter" class="vf" interface="org.darkstorm.minecraft.darkmod.hooks.client.EntityTarget" field="b" signature="I" static="false" argument="int" setter="setTargetX" />
  <hook type="getter" class="vf" interface="org.darkstorm.minecraft.darkmod.hooks.client.EntityTarget" field="c" signature="I" static="false" return="int" getter="getTargetY" />
  <hook type="setter" class="vf" interface="org.darkstorm.minecraft.darkmod.hooks.client.EntityTarget" field="c" signature="I" static="false" argument="int" setter="setTargetY" />
  <hook type="getter" class="vf" interface="org.darkstorm.minecraft.darkmod.hooks.client.EntityTarget" field="d" signature="I" static="false" return="int" getter="getTargetZ" />
  <hook type="setter" class="vf" interface="org.darkstorm.minecraft.darkmod.hooks.client.EntityTarget" field="d" signature="I" static="false" argument="int" setter="setTargetZ" />
  <hook type="getter" class="vf" interface="org.darkstorm.minecraft.darkmod.hooks.client.EntityTarget" field="e" signature="I" static="false" return="int" getter="getTargetFace" />
  <hook type="setter" class="vf" interface="org.darkstorm.minecraft.darkmod.hooks.client.EntityTarget" field="e" signature="I" static="false" argument="int" setter="setTargetFace" />
  <hook type="interface" class="ho" interface="org.darkstorm.minecraft.darkmod.hooks.client.InventoryItemSelectPacket" />
  <hook type="getter" class="ho" interface="org.darkstorm.minecraft.darkmod.hooks.client.InventoryItemSelectPacket" field="a" signature="I" static="false" return="int" getter="getSelectedIndex" />
  <hook type="interface" class="uq" interface="org.darkstorm.minecraft.darkmod.hooks.client.GuiIngame" />
  <hook type="getter" class="net.minecraft.client.Minecraft" interface="org.darkstorm.minecraft.darkmod.hooks.client.Minecraft" field="v" signature="Luq;" static="false" return="org.darkstorm.minecraft.darkmod.hooks.client.GuiIngame" getter="getGuiIngame" />
  <hook type="getter" class="uq" interface="org.darkstorm.minecraft.darkmod.hooks.client.GuiIngame" field="i" signature="Ljava/lang/String;" static="false" return="java.lang.String" getter="getNotification" />
  <hook type="setter" class="uq" interface="org.darkstorm.minecraft.darkmod.hooks.client.GuiIngame" field="i" signature="Ljava/lang/String;" static="false" argument="java.lang.String" setter="setNotification" />
  <hook type="getter" class="uq" interface="org.darkstorm.minecraft.darkmod.hooks.client.GuiIngame" field="j" signature="I" static="false" return="int" getter="getNotificationTimeout" />
  <hook type="setter" class="uq" interface="org.darkstorm.minecraft.darkmod.hooks.client.GuiIngame" field="j" signature="I" static="false" argument="int" setter="setNotificationTimeout" />
  <hook type="method" class="uq" interface="org.darkstorm.minecraft.darkmod.hooks.client.GuiIngame" method="a" signature="(Ljava/lang/String;)V" new_method="displayTextInChat" new_signature="(Ljava/lang/String;)V" />
  <hook type="method" class="uq" interface="org.darkstorm.minecraft.darkmod.hooks.client.GuiIngame" method="c" signature="(Ljava/lang/String;)V" new_method="translateAndDisplayTextInChat" new_signature="(Ljava/lang/String;)V" />
  <hook type="interface" class="da" interface="org.darkstorm.minecraft.darkmod.hooks.client.GuiScreen" />
  <hook type="getter" class="da" interface="org.darkstorm.minecraft.darkmod.hooks.client.GuiScreen" field="e" signature="Ljava/util/List;" static="false" return="java.util.List" getter="getButtons" />
  <hook type="getter" class="da" interface="org.darkstorm.minecraft.darkmod.hooks.client.GuiScreen" field="a" signature="Lke;" static="false" return="org.darkstorm.minecraft.darkmod.hooks.client.GuiButton" getter="getSelectedButton" />
  <hook type="setter" class="da" interface="org.darkstorm.minecraft.darkmod.hooks.client.GuiScreen" field="a" signature="Lke;" static="false" argument="org.darkstorm.minecraft.darkmod.hooks.client.GuiButton" setter="setSelectedButton" />
  <hook type="getter" class="net.minecraft.client.Minecraft" interface="org.darkstorm.minecraft.darkmod.hooks.client.Minecraft" field="r" signature="Lda;" static="false" return="org.darkstorm.minecraft.darkmod.hooks.client.GuiScreen" getter="getCurrentScreen" />
  <hook type="method" class="net.minecraft.client.Minecraft" interface="org.darkstorm.minecraft.darkmod.hooks.client.Minecraft" method="a" signature="(Lda;)V" new_method="displayScreen" new_signature="(Lorg/darkstorm/minecraft/darkmod/hooks/client/GuiScreen;)V" />
  <hook type="getter" class="da" interface="org.darkstorm.minecraft.darkmod.hooks.client.GuiScreen" field="c" signature="I" static="false" return="int" getter="getWidth" />
  <hook type="setter" class="da" interface="org.darkstorm.minecraft.darkmod.hooks.client.GuiScreen" field="c" signature="I" static="false" argument="int" setter="setWidth" />
  <hook type="getter" class="da" interface="org.darkstorm.minecraft.darkmod.hooks.client.GuiScreen" field="d" signature="I" static="false" return="int" getter="getHeight" />
  <hook type="setter" class="da" interface="org.darkstorm.minecraft.darkmod.hooks.client.GuiScreen" field="d" signature="I" static="false" argument="int" setter="setHeight" />
  <hook type="interface" class="ke" interface="org.darkstorm.minecraft.darkmod.hooks.client.GuiButton" />
  <hook type="getter" class="ke" interface="org.darkstorm.minecraft.darkmod.hooks.client.GuiButton" field="a" signature="I" static="false" return="int" getter="getWidth" />
  <hook type="setter" class="ke" interface="org.darkstorm.minecraft.darkmod.hooks.client.GuiButton" field="a" signature="I" static="false" argument="int" setter="setWidth" />
  <hook type="getter" class="ke" interface="org.darkstorm.minecraft.darkmod.hooks.client.GuiButton" field="b" signature="I" static="false" return="int" getter="getHeight" />
  <hook type="setter" class="ke" interface="org.darkstorm.minecraft.darkmod.hooks.client.GuiButton" field="b" signature="I" static="false" argument="int" setter="setHeight" />
  <hook type="getter" class="ke" interface="org.darkstorm.minecraft.darkmod.hooks.client.GuiButton" field="c" signature="I" static="false" return="int" getter="getX" />
  <hook type="setter" class="ke" interface="org.darkstorm.minecraft.darkmod.hooks.client.GuiButton" field="c" signature="I" static="false" argument="int" setter="setX" />
  <hook type="getter" class="ke" interface="org.darkstorm.minecraft.darkmod.hooks.client.GuiButton" field="d" signature="I" static="false" return="int" getter="getY" />
  <hook type="setter" class="ke" interface="org.darkstorm.minecraft.darkmod.hooks.client.GuiButton" field="d" signature="I" static="false" argument="int" setter="setY" />
  <hook type="getter" class="ke" interface="org.darkstorm.minecraft.darkmod.hooks.client.GuiButton" field="e" signature="Ljava/lang/String;" static="false" return="java.lang.String" getter="getText" />
  <hook type="setter" class="ke" interface="org.darkstorm.minecraft.darkmod.hooks.client.GuiButton" field="e" signature="Ljava/lang/String;" static="false" argument="java.lang.String" setter="setText" />
  <hook type="getter" class="ke" interface="org.darkstorm.minecraft.darkmod.hooks.client.GuiButton" field="f" signature="I" static="false" return="int" getter="getID" />
  <hook type="setter" class="ke" interface="org.darkstorm.minecraft.darkmod.hooks.client.GuiButton" field="f" signature="I" static="false" argument="int" setter="setID" />
  <hook type="getter" class="ke" interface="org.darkstorm.minecraft.darkmod.hooks.client.GuiButton" field="g" signature="Z" static="false" return="boolean" getter="isEnabled" />
  <hook type="setter" class="ke" interface="org.darkstorm.minecraft.darkmod.hooks.client.GuiButton" field="g" signature="Z" static="false" argument="boolean" setter="setEnabled" />
  <hook type="interface" class="vz" interface="org.darkstorm.minecraft.darkmod.hooks.client.GuiSlider" />
  <hook type="getter" class="vz" interface="org.darkstorm.minecraft.darkmod.hooks.client.GuiSlider" field="i" signature="F" static="false" return="float" getter="getValue" />
  <hook type="setter" class="vz" interface="org.darkstorm.minecraft.darkmod.hooks.client.GuiSlider" field="i" signature="F" static="false" argument="float" setter="setValue" />
  <hook type="getter" class="vz" interface="org.darkstorm.minecraft.darkmod.hooks.client.GuiSlider" field="j" signature="Z" static="false" return="boolean" getter="isDragging" />
  <hook type="setter" class="vz" interface="org.darkstorm.minecraft.darkmod.hooks.client.GuiSlider" field="j" signature="Z" static="false" argument="boolean" setter="setDragging" />
  <hook type="interface" class="gc" interface="org.darkstorm.minecraft.darkmod.hooks.client.GuiChat" />
  <hook type="getter" class="gc" interface="org.darkstorm.minecraft.darkmod.hooks.client.GuiChat" field="a" signature="Ljava/lang/String;" static="false" return="java.lang.String" getter="getText" />
  <hook type="setter" class="gc" interface="org.darkstorm.minecraft.darkmod.hooks.client.GuiChat" field="a" signature="Ljava/lang/String;" static="false" argument="java.lang.String" setter="setText" />
  <hook type="getter" class="gc" interface="org.darkstorm.minecraft.darkmod.hooks.client.GuiChat" field="i" signature="I" static="false" return="int" getter="getUpdateCounter" />
  <hook type="setter" class="gc" interface="org.darkstorm.minecraft.darkmod.hooks.client.GuiChat" field="i" signature="I" static="false" argument="int" setter="setUpdateCounter" />
  <hook type="getter" class="gc" interface="org.darkstorm.minecraft.darkmod.hooks.client.Minecraft" field="j" signature="Ljava/lang/String;" static="true" return="java.lang.String" getter="getAllowedCharacters" />
  <hook type="setter" class="gc" interface="org.darkstorm.minecraft.darkmod.hooks.client.Minecraft" field="j" signature="Ljava/lang/String;" static="true" argument="java.lang.String" setter="setAllowedCharacters" />
  <hook type="interface" class="yc" interface="org.darkstorm.minecraft.darkmod.hooks.client.GuiEditSign" />
  <hook type="interface" class="ei" interface="org.darkstorm.minecraft.darkmod.hooks.client.WorldInfo" />
  <hook type="getter" class="fd" interface="org.darkstorm.minecraft.darkmod.hooks.client.World" field="x" signature="Lei;" static="false" return="org.darkstorm.minecraft.darkmod.hooks.client.WorldInfo" getter="getWorldInfo" />
  <hook type="setter" class="fd" interface="org.darkstorm.minecraft.darkmod.hooks.client.World" field="x" signature="Lei;" static="false" argument="org.darkstorm.minecraft.darkmod.hooks.client.WorldInfo" setter="setWorldInfo" />
  <hook type="getter" class="ei" interface="org.darkstorm.minecraft.darkmod.hooks.client.WorldInfo" field="a" signature="J" static="false" return="long" getter="getRandomSeed" />
  <hook type="setter" class="ei" interface="org.darkstorm.minecraft.darkmod.hooks.client.WorldInfo" field="a" signature="J" static="false" argument="long" setter="setRandomSeed" />
  <hook type="getter" class="ei" interface="org.darkstorm.minecraft.darkmod.hooks.client.WorldInfo" field="b" signature="I" static="false" return="int" getter="getSpawnX" />
  <hook type="setter" class="ei" interface="org.darkstorm.minecraft.darkmod.hooks.client.WorldInfo" field="b" signature="I" static="false" argument="int" setter="setSpawnX" />
  <hook type="getter" class="ei" interface="org.darkstorm.minecraft.darkmod.hooks.client.WorldInfo" field="c" signature="I" static="false" return="int" getter="getSpawnY" />
  <hook type="setter" class="ei" interface="org.darkstorm.minecraft.darkmod.hooks.client.WorldInfo" field="c" signature="I" static="false" argument="int" setter="setSpawnY" />
  <hook type="getter" class="ei" interface="org.darkstorm.minecraft.darkmod.hooks.client.WorldInfo" field="d" signature="I" static="false" return="int" getter="getSpawnZ" />
  <hook type="setter" class="ei" interface="org.darkstorm.minecraft.darkmod.hooks.client.WorldInfo" field="d" signature="I" static="false" argument="int" setter="setSpawnZ" />
  <hook type="getter" class="ei" interface="org.darkstorm.minecraft.darkmod.hooks.client.WorldInfo" field="e" signature="J" static="false" return="long" getter="getTime" />
  <hook type="setter" class="ei" interface="org.darkstorm.minecraft.darkmod.hooks.client.WorldInfo" field="e" signature="J" static="false" argument="long" setter="setTime" />
  <hook type="getter" class="ei" interface="org.darkstorm.minecraft.darkmod.hooks.client.WorldInfo" field="f" signature="J" static="false" return="long" getter="getLastPlayed" />
  <hook type="setter" class="ei" interface="org.darkstorm.minecraft.darkmod.hooks.client.WorldInfo" field="f" signature="J" static="false" argument="long" setter="setLastPlayed" />
  <hook type="getter" class="ei" interface="org.darkstorm.minecraft.darkmod.hooks.client.WorldInfo" field="g" signature="J" static="false" return="long" getter="getSizeOnDisk" />
  <hook type="setter" class="ei" interface="org.darkstorm.minecraft.darkmod.hooks.client.WorldInfo" field="g" signature="J" static="false" argument="long" setter="setSizeOnDisk" />
  <hook type="getter" class="ei" interface="org.darkstorm.minecraft.darkmod.hooks.client.WorldInfo" field="j" signature="Ljava/lang/String;" static="false" return="java.lang.String" getter="getLevelName" />
  <hook type="setter" class="ei" interface="org.darkstorm.minecraft.darkmod.hooks.client.WorldInfo" field="j" signature="Ljava/lang/String;" static="false" argument="java.lang.String" setter="setLevelName" />
  <hook type="getter" class="ei" interface="org.darkstorm.minecraft.darkmod.hooks.client.WorldInfo" field="k" signature="I" static="false" return="int" getter="getVersion" />
  <hook type="setter" class="ei" interface="org.darkstorm.minecraft.darkmod.hooks.client.WorldInfo" field="k" signature="I" static="false" argument="int" setter="setVersion" />
  <hook type="getter" class="ei" interface="org.darkstorm.minecraft.darkmod.hooks.client.WorldInfo" field="m" signature="I" static="false" return="int" getter="getRainTime" />
  <hook type="setter" class="ei" interface="org.darkstorm.minecraft.darkmod.hooks.client.WorldInfo" field="m" signature="I" static="false" argument="int" setter="setRainTime" />
  <hook type="getter" class="ei" interface="org.darkstorm.minecraft.darkmod.hooks.client.WorldInfo" field="l" signature="Z" static="false" return="boolean" getter="isRaining" />
  <hook type="setter" class="ei" interface="org.darkstorm.minecraft.darkmod.hooks.client.WorldInfo" field="l" signature="Z" static="false" argument="boolean" setter="setRaining" />
  <hook type="getter" class="ei" interface="org.darkstorm.minecraft.darkmod.hooks.client.WorldInfo" field="o" signature="I" static="false" return="int" getter="getThunderTime" />
  <hook type="setter" class="ei" interface="org.darkstorm.minecraft.darkmod.hooks.client.WorldInfo" field="o" signature="I" static="false" argument="int" setter="setThunderTime" />
  <hook type="getter" class="ei" interface="org.darkstorm.minecraft.darkmod.hooks.client.WorldInfo" field="n" signature="Z" static="false" return="boolean" getter="isThundering" />
  <hook type="setter" class="ei" interface="org.darkstorm.minecraft.darkmod.hooks.client.WorldInfo" field="n" signature="Z" static="false" argument="boolean" setter="setThundering" />
  <hook type="getter" class="ei" interface="org.darkstorm.minecraft.darkmod.hooks.client.WorldInfo" field="h" signature="Lnu;" static="false" return="org.darkstorm.minecraft.darkmod.hooks.client.SerializableMap" getter="getPlayer" />
  <hook type="setter" class="ei" interface="org.darkstorm.minecraft.darkmod.hooks.client.WorldInfo" field="h" signature="Lnu;" static="false" argument="org.darkstorm.minecraft.darkmod.hooks.client.SerializableMap" setter="setPlayer" />
  <hook type="getter" class="ei" interface="org.darkstorm.minecraft.darkmod.hooks.client.WorldInfo" field="i" signature="I" static="false" return="int" getter="getDimension" />
  <hook type="setter" class="ei" interface="org.darkstorm.minecraft.darkmod.hooks.client.WorldInfo" field="i" signature="I" static="false" argument="int" setter="setDimension" />
  <hook type="interface" class="yk" interface="org.darkstorm.minecraft.darkmod.hooks.client.Sign" />
  <hook type="getter" class="yk" interface="org.darkstorm.minecraft.darkmod.hooks.client.Sign" field="a" signature="[Ljava/lang/String;" static="false" return="java.lang.String[]" getter="getSignText" />
  <hook type="setter" class="yk" interface="org.darkstorm.minecraft.darkmod.hooks.client.Sign" field="a" signature="[Ljava/lang/String;" static="false" argument="java.lang.String[]" setter="setSignText" />
  <hook type="getter" class="yk" interface="org.darkstorm.minecraft.darkmod.hooks.client.Sign" field="b" signature="I" static="false" return="int" getter="getLineBeingEdited" />
  <hook type="setter" class="yk" interface="org.darkstorm.minecraft.darkmod.hooks.client.Sign" field="b" signature="I" static="false" argument="int" setter="setLineBeingEdited" />
  <hook type="interface" class="uu" interface="org.darkstorm.minecraft.darkmod.hooks.client.Block" />
  <hook type="getter" class="uu" interface="org.darkstorm.minecraft.darkmod.hooks.client.Minecraft" field="m" signature="[Luu;" static="true" return="org.darkstorm.minecraft.darkmod.hooks.client.Block[]" getter="getBlocks" />
  <hook type="interface" class="ow" interface="org.darkstorm.minecraft.darkmod.hooks.client.TileEntity" />
  <hook type="getter" class="ow" interface="org.darkstorm.minecraft.darkmod.hooks.client.TileEntity" field="e" signature="I" static="false" return="int" getter="getX" />
  <hook type="setter" class="ow" interface="org.darkstorm.minecraft.darkmod.hooks.client.TileEntity" field="e" signature="I" static="false" argument="int" setter="setX" />
  <hook type="getter" class="ow" interface="org.darkstorm.minecraft.darkmod.hooks.client.TileEntity" field="f" signature="I" static="false" return="int" getter="getY" />
  <hook type="setter" class="ow" interface="org.darkstorm.minecraft.darkmod.hooks.client.TileEntity" field="f" signature="I" static="false" argument="int" setter="setY" />
  <hook type="getter" class="ow" interface="org.darkstorm.minecraft.darkmod.hooks.client.TileEntity" field="g" signature="I" static="false" return="int" getter="getZ" />
  <hook type="setter" class="ow" interface="org.darkstorm.minecraft.darkmod.hooks.client.TileEntity" field="g" signature="I" static="false" argument="int" setter="setZ" />
</hooks>

